{
  "providers": {
    "awscloudformation": {
      "AuthRoleName": "amplify-apideployment-dev-53411-authRole",
      "UnauthRoleArn": "arn:aws:iam::292150850143:role/amplify-apideployment-dev-53411-unauthRole",
      "AuthRoleArn": "arn:aws:iam::292150850143:role/amplify-apideployment-dev-53411-authRole",
      "Region": "us-east-1",
      "DeploymentBucketName": "amplify-apideployment-dev-53411-deployment",
      "UnauthRoleName": "amplify-apideployment-dev-53411-unauthRole",
      "StackName": "amplify-apideployment-dev-53411",
      "StackId": "arn:aws:cloudformation:us-east-1:292150850143:stack/amplify-apideployment-dev-53411/9634c1d0-1640-11eb-ad80-0aece6d977c1",
      "AmplifyAppId": "d26uocve7p1hgl"
    }
  }
}